{"cameraMode":{"drawMode":0,"name":"Shaded","section":"Shading Mode"},"sceneLighting":true,"audioPlay":false,"sceneViewState":{"showFog":true,"showMaterialUpdate":true,"showSkybox":true,"showFlares":true,"showImageEffects":true,"showParticleSystems":true},"in2DMode":false,"pivot":{"x":-994.83203125,"y":32.998779296875,"z":292.625},"rotation":{"x":0.001499938778579235,"y":-0.008999869227409363,"z":0.000013499816304829437,"w":0.9999583959579468},"size":699.9690551757813,"orthographic":true}