{"cameraMode":{"drawMode":0,"name":"Shaded","section":"Shading Mode"},"sceneLighting":true,"audioPlay":false,"sceneViewState":{"showFog":true,"showMaterialUpdate":true,"showSkybox":true,"showFlares":true,"showImageEffects":true,"showParticleSystems":true},"in2DMode":false,"pivot":{"x":-888.527099609375,"y":-10.392471313476563,"z":179.03338623046876},"rotation":{"x":0.05846159905195236,"y":0.013476577587425709,"z":-0.0007890079286880791,"w":0.9982025623321533},"size":314.1973876953125,"orthographic":false}