{"cameraMode":{"drawMode":0,"name":"Shaded","section":"Shading Mode"},"sceneLighting":true,"audioPlay":false,"sceneViewState":{"showFog":true,"showMaterialUpdate":true,"showSkybox":true,"showFlares":true,"showImageEffects":true,"showParticleSystems":true},"in2DMode":false,"pivot":{"x":-242.0074462890625,"y":-58.89630126953125,"z":208.91079711914063},"rotation":{"x":0.028446948155760766,"y":0.05994134023785591,"z":-0.0016959661152213812,"w":0.9978281259536743},"size":189.23951721191407,"orthographic":false}