{"cameraMode":{"drawMode":0,"name":"Shaded","section":"Shading Mode"},"sceneLighting":true,"audioPlay":false,"sceneViewState":{"showFog":true,"showMaterialUpdate":true,"showSkybox":true,"showFlares":true,"showImageEffects":true,"showParticleSystems":true},"in2DMode":false,"pivot":{"x":278.337890625,"y":71.46143341064453,"z":-139.11322021484376},"rotation":{"x":-0.017059585079550744,"y":0.5829407572746277,"z":0.012243920005857945,"w":0.8122461438179016},"size":1451.7542724609375,"orthographic":false}