{"cameraMode":{"drawMode":0,"name":"Shaded","section":"Shading Mode"},"sceneLighting":true,"audioPlay":false,"sceneViewState":{"showFog":true,"showMaterialUpdate":true,"showSkybox":true,"showFlares":true,"showImageEffects":true,"showParticleSystems":true},"in2DMode":false,"pivot":{"x":11.52008056640625,"y":-128.28260803222657,"z":174.3427734375},"rotation":{"x":0.028446948155760766,"y":0.05994134023785591,"z":-0.0016959661152213812,"w":0.9978281259536743},"size":449.62939453125,"orthographic":false}