{"cameraMode":{"drawMode":0,"name":"Shaded","section":"Shading Mode"},"sceneLighting":true,"audioPlay":false,"sceneViewState":{"showFog":true,"showMaterialUpdate":true,"showSkybox":true,"showFlares":true,"showImageEffects":true,"showParticleSystems":true},"in2DMode":false,"pivot":{"x":3.3831770420074465,"y":3.79066801071167,"z":123.75177001953125},"rotation":{"x":-0.023997556418180467,"y":-0.007498531602323055,"z":-0.00017623176972847432,"w":0.9997159838676453},"size":146.36709594726563,"orthographic":false}